{"cameraMode":{"drawMode":0,"name":"Shaded","section":"Shading Mode"},"sceneLighting":false,"audioPlay":false,"sceneViewState":{"showFog":true,"showMaterialUpdate":false,"showSkybox":true,"showFlares":true,"showImageEffects":true,"showParticleSystems":true},"in2DMode":false,"pivot":{"x":16.93520736694336,"y":1.9534289836883546,"z":-1.302880048751831},"rotation":{"x":-0.0639839768409729,"y":-0.1544530838727951,"z":0.01002410240471363,"w":-0.9858751893043518},"size":3.4253017902374269,"orthographic":false}