{"cameraMode":{"drawMode":0,"name":"Shaded","section":"Shading Mode"},"sceneLighting":false,"audioPlay":false,"sceneViewState":{"showFog":true,"showMaterialUpdate":false,"showSkybox":true,"showFlares":true,"showImageEffects":true,"showParticleSystems":true},"in2DMode":false,"pivot":{"x":0.8041818737983704,"y":1.950350284576416,"z":-1.4453271627426148},"rotation":{"x":0.02615641988813877,"y":0.8881481885910034,"z":-0.4559749364852905,"w":0.05094759166240692},"size":5.911524772644043,"orthographic":false}