{"cameraMode":{"drawMode":0,"name":"Shaded","section":"Shading Mode"},"sceneLighting":false,"audioPlay":false,"sceneViewState":{"showFog":true,"showMaterialUpdate":false,"showSkybox":true,"showFlares":true,"showImageEffects":true,"showParticleSystems":true},"in2DMode":false,"pivot":{"x":12.025106430053711,"y":0.26154160499572756,"z":0.4350466728210449},"rotation":{"x":0.01831958442926407,"y":0.96552574634552,"z":0.24982315301895142,"w":-0.0708022341132164},"size":4.3232102394104,"orthographic":false}