{"cameraMode":{"drawMode":0,"name":"Shaded","section":"Shading Mode"},"sceneLighting":false,"audioPlay":false,"sceneViewState":{"showFog":true,"showMaterialUpdate":false,"showSkybox":true,"showFlares":true,"showImageEffects":true,"showParticleSystems":true},"in2DMode":false,"pivot":{"x":44.220542907714847,"y":-0.9886323809623718,"z":-0.6904177665710449},"rotation":{"x":-0.09629644453525543,"y":-0.7157863974571228,"z":0.10073132067918778,"w":-0.6842734217643738},"size":6.017630577087402,"orthographic":false}